<ImportExportXml version="9.2.23093.252" SolutionPackageVersion="9.2" languagecode="1041" generatedBy="CrmLive" xmlns:xsi="http://www.w3.org/2001/XMLSchema-instance">
  <SolutionManifest>
    <UniqueName>AIBuilderAllApp</UniqueName>
    <LocalizedNames>
      <LocalizedName description="All AI Builder App" languagecode="1041" />
    </LocalizedNames>
    <Descriptions />
    <Version>1.0.0.3</Version>
    <Managed>0</Managed>
    <Publisher>
      <UniqueName>ShioriKuramoto</UniqueName>
      <LocalizedNames>
        <LocalizedName description="Shiori Kuramoto" languagecode="1041" />
      </LocalizedNames>
      <Descriptions />
      <EMailAddress xsi:nil="true"></EMailAddress>
      <SupportingWebsiteUrl xsi:nil="true"></SupportingWebsiteUrl>
      <CustomizationPrefix>sk</CustomizationPrefix>
      <CustomizationOptionValuePrefix>12648</CustomizationOptionValuePrefix>
      <Addresses>
        <Address>
          <AddressNumber>1</AddressNumber>
          <AddressTypeCode>1</AddressTypeCode>
          <City xsi:nil="true"></City>
          <County xsi:nil="true"></County>
          <Country xsi:nil="true"></Country>
          <Fax xsi:nil="true"></Fax>
          <FreightTermsCode xsi:nil="true"></FreightTermsCode>
          <ImportSequenceNumber xsi:nil="true"></ImportSequenceNumber>
          <Latitude xsi:nil="true"></Latitude>
          <Line1 xsi:nil="true"></Line1>
          <Line2 xsi:nil="true"></Line2>
          <Line3 xsi:nil="true"></Line3>
          <Longitude xsi:nil="true"></Longitude>
          <Name xsi:nil="true"></Name>
          <PostalCode xsi:nil="true"></PostalCode>
          <PostOfficeBox xsi:nil="true"></PostOfficeBox>
          <PrimaryContactName xsi:nil="true"></PrimaryContactName>
          <ShippingMethodCode>1</ShippingMethodCode>
          <StateOrProvince xsi:nil="true"></StateOrProvince>
          <Telephone1 xsi:nil="true"></Telephone1>
          <Telephone2 xsi:nil="true"></Telephone2>
          <Telephone3 xsi:nil="true"></Telephone3>
          <TimeZoneRuleVersionNumber xsi:nil="true"></TimeZoneRuleVersionNumber>
          <UPSZone xsi:nil="true"></UPSZone>
          <UTCOffset xsi:nil="true"></UTCOffset>
          <UTCConversionTimeZoneCode xsi:nil="true"></UTCConversionTimeZoneCode>
        </Address>
        <Address>
          <AddressNumber>2</AddressNumber>
          <AddressTypeCode>1</AddressTypeCode>
          <City xsi:nil="true"></City>
          <County xsi:nil="true"></County>
          <Country xsi:nil="true"></Country>
          <Fax xsi:nil="true"></Fax>
          <FreightTermsCode xsi:nil="true"></FreightTermsCode>
          <ImportSequenceNumber xsi:nil="true"></ImportSequenceNumber>
          <Latitude xsi:nil="true"></Latitude>
          <Line1 xsi:nil="true"></Line1>
          <Line2 xsi:nil="true"></Line2>
          <Line3 xsi:nil="true"></Line3>
          <Longitude xsi:nil="true"></Longitude>
          <Name xsi:nil="true"></Name>
          <PostalCode xsi:nil="true"></PostalCode>
          <PostOfficeBox xsi:nil="true"></PostOfficeBox>
          <PrimaryContactName xsi:nil="true"></PrimaryContactName>
          <ShippingMethodCode>1</ShippingMethodCode>
          <StateOrProvince xsi:nil="true"></StateOrProvince>
          <Telephone1 xsi:nil="true"></Telephone1>
          <Telephone2 xsi:nil="true"></Telephone2>
          <Telephone3 xsi:nil="true"></Telephone3>
          <TimeZoneRuleVersionNumber xsi:nil="true"></TimeZoneRuleVersionNumber>
          <UPSZone xsi:nil="true"></UPSZone>
          <UTCOffset xsi:nil="true"></UTCOffset>
          <UTCConversionTimeZoneCode xsi:nil="true"></UTCConversionTimeZoneCode>
        </Address>
      </Addresses>
    </Publisher>
    <RootComponents>
      <RootComponent type="1" schemaName="sk_businesscard" behavior="0" />
      <RootComponent type="1" schemaName="sk_categoryclassification" behavior="0" />
      <RootComponent type="1" schemaName="sk_entityextraction" behavior="0" />
      <RootComponent type="1" schemaName="sk_idreader" behavior="0" />
      <RootComponent type="1" schemaName="sk_invoiceprocessing" behavior="0" />
      <RootComponent type="1" schemaName="sk_keyphraseextraction" behavior="0" />
      <RootComponent type="1" schemaName="sk_languagedetection" behavior="0" />
      <RootComponent type="1" schemaName="sk_receiptitems" behavior="0" />
      <RootComponent type="1" schemaName="sk_receiptprocessing" behavior="0" />
      <RootComponent type="1" schemaName="sk_sentimentanalysis" behavior="0" />
      <RootComponent type="1" schemaName="sk_textrecognition" behavior="0" />
      <RootComponent type="1" schemaName="sk_texttranslation" behavior="0" />
      <RootComponent type="29" id="{03b3624c-9362-ee11-8dee-00224820b15f}" behavior="0" />
      <RootComponent type="62" schemaName="sk_AI" behavior="0" />
      <RootComponent type="80" schemaName="sk_AI" behavior="0" />
      <RootComponent type="300" schemaName="sk_allaibuilderapp_531dc" behavior="0" />
    </RootComponents>
    <MissingDependencies>
      <MissingDependency>
        <Required type="1" schemaName="msdyn_aimodel" displayName="AI Model" solution="msdyn_AISolution (202309.2.5.1)">
          <package>msdyn_AISolutionAnchor (202309.2.5.1)</package>
        </Required>
        <Dependent type="300" schemaName="sk_allaibuilderapp_531dc" displayName="ALL AI Builder App" />
      </MissingDependency>
      <MissingDependency>
        <Required type="61" schemaName="msdyn_/Images/AppModule_Default_Icon.png" displayName="msdyn_/Images/AppModule_Default_Icon.png" solution="AppModuleWebResources (2.5)" />
        <Dependent type="80" schemaName="sk_AI" displayName="AI Builderデータ管理アプリ" />
      </MissingDependency>
    </MissingDependencies>
  </SolutionManifest>
</ImportExportXml>