<environmentvariabledefinition schemaname="geek_reminddate">
  <defaultvalue>7</defaultvalue>
  <description default="取得日から逆算してリマインドを送信する日数です。例えば1週間前の場合7とします。">
    <label description="取得日から逆算してリマインドを送信する日数です。例えば1週間前の場合7とします。" languagecode="1041" />
  </description>
  <displayname default="何日前にリマンド">
    <label description="何日前にリマンド" languagecode="1041" />
  </displayname>
  <introducedversion>1.0.0.0</introducedversion>
  <iscustomizable>1</iscustomizable>
  <isrequired>0</isrequired>
  <secretstore>0</secretstore>
  <type>100000001</type>
</environmentvariabledefinition>