<environmentvariabledefinition schemaname="ym_ChatCompletionAPIEndpoint">
  <description default="Azure OpenAIのChat Completion APIのエンドポイントURLを設定">
    <label description="Azure OpenAIのChat Completion APIのエンドポイントURLを設定" languagecode="1041" />
  </description>
  <displayname default="Chat Completion API Endpoint">
    <label description="Chat Completion API Endpoint" languagecode="1041" />
  </displayname>
  <introducedversion>1.0.0.13</introducedversion>
  <iscustomizable>1</iscustomizable>
  <isrequired>0</isrequired>
  <secretstore>0</secretstore>
  <type>100000000</type>
</environmentvariabledefinition>