<environmentvariabledefinition schemaname="mskk_apikey">
  <description default="APIキーを設定します">
    <label description="APIキーを設定します" languagecode="1041" />
  </description>
  <displayname default="api-key">
    <label description="api-key" languagecode="1041" />
  </displayname>
  <introducedversion>1.0.0.0</introducedversion>
  <iscustomizable>1</iscustomizable>
  <isrequired>0</isrequired>
  <secretstore>0</secretstore>
  <type>100000000</type>
</environmentvariabledefinition>