<environmentvariabledefinition schemaname="geek_AzureAISearchAPIKEY">
  <description default="Azure AI Search のAPIキーです。">
    <label description="Azure AI Search のAPIキーです。" languagecode="1041" />
  </description>
  <displayname default="Azure AI Search API-KEY">
    <label description="Azure AI Search API-KEY" languagecode="1041" />
  </displayname>
  <introducedversion>1.0.0.1</introducedversion>
  <iscustomizable>1</iscustomizable>
  <isrequired>0</isrequired>
  <secretstore>0</secretstore>
  <type>100000000</type>
</environmentvariabledefinition>