<ImportExportXml version="9.2.23081.170" SolutionPackageVersion="9.2" languagecode="1041" generatedBy="CrmLive" xmlns:xsi="http://www.w3.org/2001/XMLSchema-instance">
  <SolutionManifest>
    <UniqueName>MSGeneralAffairsPackage</UniqueName>
    <LocalizedNames>
      <LocalizedName description="Sample_GeneralAffairsPack" languagecode="1041" />
    </LocalizedNames>
    <Descriptions />
    <Version>1.0.0.0</Version>
    <Managed>1</Managed>
    <Publisher>
      <UniqueName>Microsoft</UniqueName>
      <LocalizedNames>
        <LocalizedName description="Microsoft" languagecode="1041" />
      </LocalizedNames>
      <Descriptions />
      <EMailAddress xsi:nil="true"></EMailAddress>
      <SupportingWebsiteUrl xsi:nil="true"></SupportingWebsiteUrl>
      <CustomizationPrefix>ms</CustomizationPrefix>
      <CustomizationOptionValuePrefix>12470</CustomizationOptionValuePrefix>
      <Addresses>
        <Address>
          <AddressNumber>1</AddressNumber>
          <AddressTypeCode>1</AddressTypeCode>
          <City xsi:nil="true"></City>
          <County xsi:nil="true"></County>
          <Country xsi:nil="true"></Country>
          <Fax xsi:nil="true"></Fax>
          <FreightTermsCode xsi:nil="true"></FreightTermsCode>
          <ImportSequenceNumber xsi:nil="true"></ImportSequenceNumber>
          <Latitude xsi:nil="true"></Latitude>
          <Line1 xsi:nil="true"></Line1>
          <Line2 xsi:nil="true"></Line2>
          <Line3 xsi:nil="true"></Line3>
          <Longitude xsi:nil="true"></Longitude>
          <Name xsi:nil="true"></Name>
          <PostalCode xsi:nil="true"></PostalCode>
          <PostOfficeBox xsi:nil="true"></PostOfficeBox>
          <PrimaryContactName xsi:nil="true"></PrimaryContactName>
          <ShippingMethodCode>1</ShippingMethodCode>
          <StateOrProvince xsi:nil="true"></StateOrProvince>
          <Telephone1 xsi:nil="true"></Telephone1>
          <Telephone2 xsi:nil="true"></Telephone2>
          <Telephone3 xsi:nil="true"></Telephone3>
          <TimeZoneRuleVersionNumber xsi:nil="true"></TimeZoneRuleVersionNumber>
          <UPSZone xsi:nil="true"></UPSZone>
          <UTCOffset xsi:nil="true"></UTCOffset>
          <UTCConversionTimeZoneCode xsi:nil="true"></UTCConversionTimeZoneCode>
        </Address>
        <Address>
          <AddressNumber>2</AddressNumber>
          <AddressTypeCode>1</AddressTypeCode>
          <City xsi:nil="true"></City>
          <County xsi:nil="true"></County>
          <Country xsi:nil="true"></Country>
          <Fax xsi:nil="true"></Fax>
          <FreightTermsCode xsi:nil="true"></FreightTermsCode>
          <ImportSequenceNumber xsi:nil="true"></ImportSequenceNumber>
          <Latitude xsi:nil="true"></Latitude>
          <Line1 xsi:nil="true"></Line1>
          <Line2 xsi:nil="true"></Line2>
          <Line3 xsi:nil="true"></Line3>
          <Longitude xsi:nil="true"></Longitude>
          <Name xsi:nil="true"></Name>
          <PostalCode xsi:nil="true"></PostalCode>
          <PostOfficeBox xsi:nil="true"></PostOfficeBox>
          <PrimaryContactName xsi:nil="true"></PrimaryContactName>
          <ShippingMethodCode>1</ShippingMethodCode>
          <StateOrProvince xsi:nil="true"></StateOrProvince>
          <Telephone1 xsi:nil="true"></Telephone1>
          <Telephone2 xsi:nil="true"></Telephone2>
          <Telephone3 xsi:nil="true"></Telephone3>
          <TimeZoneRuleVersionNumber xsi:nil="true"></TimeZoneRuleVersionNumber>
          <UPSZone xsi:nil="true"></UPSZone>
          <UTCOffset xsi:nil="true"></UTCOffset>
          <UTCConversionTimeZoneCode xsi:nil="true"></UTCConversionTimeZoneCode>
        </Address>
      </Addresses>
    </Publisher>
    <RootComponents>
      <RootComponent type="1" schemaName="contact" behavior="1" />
      <RootComponent type="1" schemaName="ms_detail" behavior="0" />
      <RootComponent type="1" schemaName="ms_equipmentlist" behavior="0" />
      <RootComponent type="1" schemaName="ms_equipmenttypelist" behavior="0" />
      <RootComponent type="1" schemaName="ms_generalaffairsportal_appslist" behavior="0" />
      <RootComponent type="1" schemaName="ms_generalaffairsportal_news" behavior="0" />
      <RootComponent type="1" schemaName="ms_inquirycategory" behavior="0" />
      <RootComponent type="1" schemaName="ms_inquirydata" behavior="0" />
      <RootComponent type="1" schemaName="ms_inquirydatabpf" behavior="0" />
      <RootComponent type="1" schemaName="ms_knowledge" behavior="0" />
      <RootComponent type="1" schemaName="ms_knowledgereviewbpf" behavior="0" />
      <RootComponent type="1" schemaName="ms_link" behavior="0" />
      <RootComponent type="1" schemaName="ms_product" behavior="0" />
      <RootComponent type="1" schemaName="ms_productmaster" behavior="0" />
      <RootComponent type="1" schemaName="ms_productorderbpf" behavior="0" />
      <RootComponent type="1" schemaName="ms_productorderdetail" behavior="0" />
      <RootComponent type="1" schemaName="ms_productorderinfo" behavior="0" />
      <RootComponent type="1" schemaName="ms_producttypelist" behavior="0" />
      <RootComponent type="1" schemaName="ms_rentalhistry" behavior="0" />
      <RootComponent type="1" schemaName="systemuser" behavior="1" />
      <RootComponent type="9" schemaName="ms_inquirycategory" behavior="0" />
      <RootComponent type="9" schemaName="ms_inquirystatus" behavior="0" />
      <RootComponent type="9" schemaName="ms_publishstatus" behavior="0" />
      <RootComponent type="9" schemaName="ms_querysubcategory" behavior="0" />
      <RootComponent type="9" schemaName="qes_displaymode" behavior="0" />
      <RootComponent type="29" id="{14b7ee91-e59d-ed11-aad1-00224868d6b3}" behavior="0" />
      <RootComponent type="29" id="{15c2f050-f1a5-ed11-aad1-00224868dd1f}" behavior="0" />
      <RootComponent type="29" id="{63bf0eef-3896-ed11-aad1-00224868d6b3}" behavior="0" />
      <RootComponent type="29" id="{91343876-f3a5-ed11-aad1-00224868dd1f}" behavior="0" />
      <RootComponent type="29" id="{9c30c68b-b19a-ed11-aad1-00224868dd1f}" behavior="0" />
      <RootComponent type="29" id="{c5415153-e59d-ed11-aad1-00224868d6b3}" behavior="0" />
      <RootComponent type="29" id="{ca6630c8-819b-ed11-aad1-00224868d6b3}" behavior="0" />
      <RootComponent type="29" id="{d9621122-e59d-ed11-aad1-00224868d6b3}" behavior="0" />
      <RootComponent type="60" id="{ba45d2e3-4296-ed11-aad1-00224868dd1f}" behavior="0" />
      <RootComponent type="62" schemaName="ms_087a7e7c1c9e9cc1" behavior="0" />
      <RootComponent type="62" schemaName="ms_7cdcc4a20301ea2b" behavior="0" />
      <RootComponent type="80" schemaName="ms_186deb2d30be6dca" behavior="0" />
      <RootComponent type="80" schemaName="ms_9e8d51d5434cd793" behavior="0" />
      <RootComponent type="300" schemaName="ms_generalaffairsportal_87436" behavior="0" />
      <RootComponent type="300" schemaName="ms_ms_5bcdc" behavior="0" />
      <RootComponent type="300" schemaName="ms__6000a" behavior="0" />
      <RootComponent type="300" schemaName="ms__8ca1d" behavior="0" />
      <RootComponent type="300" schemaName="ms__a5c2f" behavior="0" />
      <RootComponent type="431" schemaName="ms_equipmentlist ms_image" behavior="0" />
      <RootComponent type="431" schemaName="ms_generalaffairsportal_appslist ms_icon" behavior="0" />
      <RootComponent type="431" schemaName="ms_productmaster ms_image" behavior="0" />
      <RootComponent type="432" schemaName="ms_equipmentlist" behavior="0" />
      <RootComponent type="432" schemaName="ms_generalaffairsportal_appslist" behavior="0" />
      <RootComponent type="432" schemaName="ms_productmaster" behavior="0" />
    </RootComponents>
    <MissingDependencies>
      <MissingDependency>
        <Required type="1" schemaName="environmentvariabledefinition" displayName="Environment Variable Definition" solution="EnvironmentVariables (1.0.2.276)" />
        <Dependent type="300" schemaName="ms__6000a" displayName="備品管理システム" />
      </MissingDependency>
      <MissingDependency>
        <Required type="1" schemaName="environmentvariabledefinition" displayName="Environment Variable Definition" solution="EnvironmentVariables (1.0.2.276)" />
        <Dependent type="300" schemaName="ms__8ca1d" displayName="各種問い合わせアプリ" />
      </MissingDependency>
      <MissingDependency>
        <Required type="1" schemaName="environmentvariabledefinition" displayName="Environment Variable Definition" solution="EnvironmentVariables (1.0.2.276)" />
        <Dependent type="300" schemaName="ms__a5c2f" displayName="各アプリ状況一覧" />
      </MissingDependency>
      <MissingDependency>
        <Required type="1" schemaName="environmentvariabledefinition" displayName="Environment Variable Definition" solution="EnvironmentVariables (1.0.2.276)" />
        <Dependent type="300" schemaName="ms_ms_5bcdc" displayName="物品購入申請アプリ" />
      </MissingDependency>
      <MissingDependency>
        <Required type="61" schemaName="msdyn_/Images/AppModule_Default_Icon.png" displayName="msdyn_/Images/AppModule_Default_Icon.png" solution="AppModuleWebResources (2.5)" />
        <Dependent type="80" schemaName="ms_186deb2d30be6dca" displayName="ナレッジ管理アプリ" />
      </MissingDependency>
      <MissingDependency>
        <Required type="61" schemaName="msdyn_/Images/AppModule_Default_Icon.png" displayName="msdyn_/Images/AppModule_Default_Icon.png" solution="AppModuleWebResources (2.5)" />
        <Dependent type="80" schemaName="ms_9e8d51d5434cd793" displayName="総務むけ業務アプリ" />
      </MissingDependency>
      <MissingDependency>
        <Required type="SettingDefinition" displayName="FluentThemingPreview" solution="msdyn_PowerAppsThemingSettings (1.0.0.8)" id.uniquename="FluentThemingPreview" />
        <Dependent type="AppSetting" displayName="parentappmoduleid.uniquename=ms_186deb2d30be6dca,settingdefinitionid.uniquename=FluentThemingPreview" id.parentappmoduleid.uniquename="ms_186deb2d30be6dca" id.settingdefinitionid.uniquename="FluentThemingPreview" />
      </MissingDependency>
      <MissingDependency>
        <Required type="SettingDefinition" displayName="FluentThemingPreview" solution="msdyn_PowerAppsThemingSettings (1.0.0.8)" id.uniquename="FluentThemingPreview" />
        <Dependent type="AppSetting" displayName="parentappmoduleid.uniquename=ms_9e8d51d5434cd793,settingdefinitionid.uniquename=FluentThemingPreview" id.parentappmoduleid.uniquename="ms_9e8d51d5434cd793" id.settingdefinitionid.uniquename="FluentThemingPreview" />
      </MissingDependency>
    </MissingDependencies>
  </SolutionManifest>
</ImportExportXml>