<environmentvariabledefinition schemaname="new_KBAppURL">
  <description default="KBAppのURLです。">
    <label description="KBAppのURLです。" languagecode="1041" />
  </description>
  <displayname default="KBApp URL">
    <label description="KBApp URL" languagecode="1041" />
  </displayname>
  <introducedversion>1.0.0.0</introducedversion>
  <iscustomizable>1</iscustomizable>
  <isrequired>0</isrequired>
  <secretstore>0</secretstore>
  <type>100000000</type>
</environmentvariabledefinition>