<environmentvariabledefinition schemaname="ms_envEquipmentRentalAppURL">
  <defaultvalue>xxx</defaultvalue>
  <description default="備品貸出アプリのURL">
    <label description="備品貸出アプリのURL" languagecode="1041" />
  </description>
  <displayname default="envEquipmentRentalAppURL">
    <label description="envEquipmentRentalAppURL" languagecode="1041" />
  </displayname>
  <introducedversion>1.0.0.0</introducedversion>
  <iscustomizable>1</iscustomizable>
  <isrequired>0</isrequired>
  <secretstore>0</secretstore>
  <type>100000000</type>
</environmentvariabledefinition>