<environmentvariabledefinition schemaname="geek_AzureOpenAIAPIKEY">
  <description default="Azure OpenAI Service のAPI-KEYを指定します。">
    <label description="Azure OpenAI Service のAPI-KEYを指定します。" languagecode="1041" />
  </description>
  <displayname default="Azure OpenAI API-KEY">
    <label description="Azure OpenAI API-KEY" languagecode="1041" />
  </displayname>
  <introducedversion>1.0.0.0</introducedversion>
  <iscustomizable>1</iscustomizable>
  <isrequired>0</isrequired>
  <secretstore>0</secretstore>
  <type>100000000</type>
</environmentvariabledefinition>