<ImportExportXml version="9.2.23072.170" SolutionPackageVersion="9.2" languagecode="1041" generatedBy="CrmLive" xmlns:xsi="http://www.w3.org/2001/XMLSchema-instance">
  <SolutionManifest>
    <UniqueName>KBAPP</UniqueName>
    <LocalizedNames>
      <LocalizedName description="KBアプリ" languagecode="1041" />
    </LocalizedNames>
    <Descriptions>
      <Description description="ナレッジ管理を行うアプリです。&#xA;承認ワークフローとGPTによる自動ナレッジ生成機能が付属します。" languagecode="1041" />
    </Descriptions>
    <Version>1.0.0.0</Version>
    <Managed>0</Managed>
    <Publisher>
      <UniqueName>geek</UniqueName>
      <LocalizedNames>
        <LocalizedName description="ギークフジワラ" languagecode="1041" />
      </LocalizedNames>
      <Descriptions />
      <EMailAddress xsi:nil="true"></EMailAddress>
      <SupportingWebsiteUrl xsi:nil="true"></SupportingWebsiteUrl>
      <CustomizationPrefix>geek</CustomizationPrefix>
      <CustomizationOptionValuePrefix>33684</CustomizationOptionValuePrefix>
      <Addresses>
        <Address>
          <AddressNumber>1</AddressNumber>
          <AddressTypeCode>1</AddressTypeCode>
          <City xsi:nil="true"></City>
          <County xsi:nil="true"></County>
          <Country xsi:nil="true"></Country>
          <Fax xsi:nil="true"></Fax>
          <FreightTermsCode xsi:nil="true"></FreightTermsCode>
          <ImportSequenceNumber xsi:nil="true"></ImportSequenceNumber>
          <Latitude xsi:nil="true"></Latitude>
          <Line1 xsi:nil="true"></Line1>
          <Line2 xsi:nil="true"></Line2>
          <Line3 xsi:nil="true"></Line3>
          <Longitude xsi:nil="true"></Longitude>
          <Name xsi:nil="true"></Name>
          <PostalCode xsi:nil="true"></PostalCode>
          <PostOfficeBox xsi:nil="true"></PostOfficeBox>
          <PrimaryContactName xsi:nil="true"></PrimaryContactName>
          <ShippingMethodCode>1</ShippingMethodCode>
          <StateOrProvince xsi:nil="true"></StateOrProvince>
          <Telephone1 xsi:nil="true"></Telephone1>
          <Telephone2 xsi:nil="true"></Telephone2>
          <Telephone3 xsi:nil="true"></Telephone3>
          <TimeZoneRuleVersionNumber xsi:nil="true"></TimeZoneRuleVersionNumber>
          <UPSZone xsi:nil="true"></UPSZone>
          <UTCOffset xsi:nil="true"></UTCOffset>
          <UTCConversionTimeZoneCode xsi:nil="true"></UTCConversionTimeZoneCode>
        </Address>
        <Address>
          <AddressNumber>2</AddressNumber>
          <AddressTypeCode>1</AddressTypeCode>
          <City xsi:nil="true"></City>
          <County xsi:nil="true"></County>
          <Country xsi:nil="true"></Country>
          <Fax xsi:nil="true"></Fax>
          <FreightTermsCode xsi:nil="true"></FreightTermsCode>
          <ImportSequenceNumber xsi:nil="true"></ImportSequenceNumber>
          <Latitude xsi:nil="true"></Latitude>
          <Line1 xsi:nil="true"></Line1>
          <Line2 xsi:nil="true"></Line2>
          <Line3 xsi:nil="true"></Line3>
          <Longitude xsi:nil="true"></Longitude>
          <Name xsi:nil="true"></Name>
          <PostalCode xsi:nil="true"></PostalCode>
          <PostOfficeBox xsi:nil="true"></PostOfficeBox>
          <PrimaryContactName xsi:nil="true"></PrimaryContactName>
          <ShippingMethodCode>1</ShippingMethodCode>
          <StateOrProvince xsi:nil="true"></StateOrProvince>
          <Telephone1 xsi:nil="true"></Telephone1>
          <Telephone2 xsi:nil="true"></Telephone2>
          <Telephone3 xsi:nil="true"></Telephone3>
          <TimeZoneRuleVersionNumber xsi:nil="true"></TimeZoneRuleVersionNumber>
          <UPSZone xsi:nil="true"></UPSZone>
          <UTCOffset xsi:nil="true"></UTCOffset>
          <UTCConversionTimeZoneCode xsi:nil="true"></UTCConversionTimeZoneCode>
        </Address>
      </Addresses>
    </Publisher>
    <RootComponents>
      <RootComponent type="1" schemaName="geek_case" behavior="0" />
      <RootComponent type="1" schemaName="geek_cat" behavior="0" />
      <RootComponent type="1" schemaName="geek_knowledge" behavior="0" />
      <RootComponent type="1" schemaName="geek_knowledgebpf" behavior="0" />
      <RootComponent type="1" schemaName="geek_tag" behavior="0" />
      <RootComponent type="1" schemaName="geek_weblink" behavior="0" />
      <RootComponent type="1" schemaName="systemuser" behavior="1" />
      <RootComponent type="20" id="{b6115b79-f861-ed11-9562-002248684c7e}" behavior="0" />
      <RootComponent type="20" behavior="0" parentId="{236750cd-45ae-4939-ab12-b24b920ced93}" />
      <RootComponent type="29" id="{4d3a9a6a-41ac-ed11-83ff-002248684c7e}" behavior="0" />
      <RootComponent type="29" id="{63946da2-9061-ed11-9562-002248684c7e}" behavior="0" />
      <RootComponent type="29" id="{b301468a-80ca-ed11-b595-002248687e94}" behavior="0" />
      <RootComponent type="60" id="{c7fc053a-fc61-ed11-9562-002248684c7e}" behavior="0" />
      <RootComponent type="61" schemaName="geek_openDialog" behavior="0" />
      <RootComponent type="62" schemaName="geek_bbb90f935df33ccd" behavior="0" />
      <RootComponent type="80" schemaName="geek_a01bb76667c33f13" behavior="0" />
      <RootComponent type="300" schemaName="geek_a01bb76667c33f13defaultcommandlibrary_a145f" behavior="0" />
      <RootComponent type="300" schemaName="geek_kbmodal_c4043" behavior="0" />
      <RootComponent type="431" schemaName="geek_cat geek_image" behavior="0" />
      <RootComponent type="432" schemaName="geek_cat" behavior="0" />
    </RootComponents>
    <MissingDependencies>
      <MissingDependency>
        <Required type="61" schemaName="msdyn_/Icons/AnalysisJob.svg" displayName="msdyn_/Icons/AnalysisJob.svg" solution="msdyn_PowerAppsChecker (2.0.0.5)">
          <package>msdyn_PowerAppsCheckerAnchor (2.0.0.5)</package>
        </Required>
        <Dependent type="62" schemaName="geek_bbb90f935df33ccd" />
      </MissingDependency>
      <MissingDependency>
        <Required type="61" schemaName="msdyn_/Icons/SolutionHealthRuleSet.svg" displayName="msdyn_/Icons/SolutionHealthRuleSet.svg" solution="msdyn_PowerAppsChecker (2.0.0.5)">
          <package>msdyn_PowerAppsCheckerAnchor (2.0.0.5)</package>
        </Required>
        <Dependent type="62" schemaName="geek_bbb90f935df33ccd" />
      </MissingDependency>
      <MissingDependency>
        <Required type="61" schemaName="msdyn_/Images/AppModule_Default_Icon.png" displayName="msdyn_/Images/AppModule_Default_Icon.png" solution="AppModuleWebResources (2.5)" />
        <Dependent type="80" schemaName="geek_a01bb76667c33f13" displayName="ナレッジ管理" />
      </MissingDependency>
      <MissingDependency>
        <Required type="61" schemaName="msdyncrm_/KbMultisession/msdyn_kbsearchcontroltabicon.svg" displayName="msdyncrm_/KbMultisession/msdyn_kbsearchcontroltabicon.svg" solution="msdynce_KnowledgeManagementFeatures (9.0.23071.5024)">
          <package>msdynce_KnowledgeManagementAnchor (9.0.23071.5024)</package>
        </Required>
        <Dependent type="62" schemaName="geek_bbb90f935df33ccd" />
      </MissingDependency>
      <MissingDependency>
        <Required type="61" schemaName="OpenInSidePaneIcon.svg" displayName="OpenInSidePaneIcon.svg" solution="msft_UnifiedClientCommandingExtension (1.0.0.9)" />
        <Dependent type="62" schemaName="geek_bbb90f935df33ccd" />
      </MissingDependency>
      <MissingDependency>
        <Required type="66" schemaName="MscrmControls.FieldControls.ToggleControl" displayName="MscrmControls.FieldControls.ToggleControl" solution="BaseCustomControlsCore (9.0.2307.2014)" />
        <Dependent type="60" displayName="情報" parentDisplayName="ナレッジ" id="{2924c1e3-d90a-4e18-a7bc-ac816d1c83ef}" />
      </MissingDependency>
      <MissingDependency>
        <Required type="66" schemaName="MscrmControls.OptionSet.OptionSetControl" displayName="MscrmControls.OptionSet.OptionSetControl" solution="CustomControlsCore (9.2.23072.00170)" />
        <Dependent type="60" displayName="情報" parentDisplayName="ナレッジ" id="{2924c1e3-d90a-4e18-a7bc-ac816d1c83ef}" />
      </MissingDependency>
      <MissingDependency>
        <Required type="66" schemaName="MscrmControls.OptionSet.OptionSetControl" displayName="MscrmControls.OptionSet.OptionSetControl" solution="CustomControlsCore (9.2.23072.00170)" />
        <Dependent type="60" displayName="情報" parentDisplayName="問い合わせ" id="{c9c929d2-14cc-4c51-97d5-729d42083a40}" />
      </MissingDependency>
      <MissingDependency>
        <Required type="66" schemaName="MscrmControls.RichTextEditor.RichTextEditorControl" displayName="MscrmControls.RichTextEditor.RichTextEditorControl" solution="msdyn_RichTextEditor (1.0.0.2643)" />
        <Dependent type="60" displayName="情報" parentDisplayName="ナレッジ" id="{2924c1e3-d90a-4e18-a7bc-ac816d1c83ef}" />
      </MissingDependency>
      <MissingDependency>
        <Required type="SettingDefinition" displayName="FluentThemingPreview" solution="msdyn_PowerAppsThemingSettings (1.0.0.8)" id.uniquename="FluentThemingPreview" />
        <Dependent type="AppSetting" displayName="parentappmoduleid.uniquename=geek_a01bb76667c33f13,settingdefinitionid.uniquename=FluentThemingPreview" id.parentappmoduleid.uniquename="geek_a01bb76667c33f13" id.settingdefinitionid.uniquename="FluentThemingPreview" />
      </MissingDependency>
    </MissingDependencies>
  </SolutionManifest>
</ImportExportXml>