<environmentvariabledefinition schemaname="cr2e6_AzureSearch_endpoint_docs">
  <defaultvalue>https://xxxx.search.windows.net/indexes/xxxxxxx/docs?api-version=2023-07-01-Preview&amp;search=</defaultvalue>
  <displayname default="AzureSearch_endpoint_docs">
    <label description="AzureSearch_endpoint_docs" languagecode="1033" />
  </displayname>
  <introducedversion>1.0.0.0</introducedversion>
  <iscustomizable>1</iscustomizable>
  <isrequired>0</isrequired>
  <secretstore>0</secretstore>
  <type>100000000</type>
</environmentvariabledefinition>